timestamp,iteration,tool_name,arguments,result,execution_time,success,error_message
2025-10-01T09:09:20.568616,0,list_tools,{},"{'tool_count': 25, 'tool_names': ['add', 'subtract', 'multiply', 'strings_to_chars_to_int', 'int_list_to_exponential_sum', 'open_paint', 'draw_rectangle', 'add_text_in_paint', 'keep_window_open', 'send_result_email']}",0.05,True,
2025-10-01T09:09:20.568729,0,llm_generation,"{'model': 'gemini-2.0-flash', 'prompt_length': 1234}",{'response_length': 45},1.2,True,
2025-10-01T09:09:20.568775,1,strings_to_chars_to_int,{'string': 'INDIA'},"[73, 78, 68, 73, 65]",0.001,True,
2025-10-01T09:09:20.568810,1,llm_generation,"{'model': 'gemini-2.0-flash', 'prompt_length': 1456}",{'response_length': 67},1.1,True,
2025-10-01T09:09:20.568841,2,int_list_to_exponential_sum,"{'int_list': [73, 78, 68, 73, 65]}",123.456789,0.002,True,
2025-10-01T09:09:20.568870,2,llm_generation,"{'model': 'gemini-2.0-flash', 'prompt_length': 1567}",{'response_length': 23},0.9,True,
2025-10-01T09:09:20.568897,2,open_paint,{},Matplotlib figure created successfully (900x300 pt canvas),0.1,True,
2025-10-01T09:09:20.568923,2,draw_rectangle,"{'x1': 50, 'y1': 50, 'x2': 850, 'y2': 250}","Rectangle drawn from (50,50) to (850,250) with width 800 and height 200",0.05,True,
2025-10-01T09:09:20.568949,2,add_text_in_paint,{'text': 'FINAL_ANSWER: [123.456789]'},Text 'FINAL_ANSWER: [123.456789]' added successfully in the center with font size 20,0.03,True,
2025-10-01T09:09:20.568975,2,keep_window_open,{},Matplotlib window is now open and will remain visible until manually closed,0.01,True,
2025-10-01T09:09:20.568999,2,send_result_email,{'final_answer': 'FINAL_ANSWER: [123.456789]'},Email sent successfully to user@example.com with result: FINAL_ANSWER: [123.456789],2.1,True,
